{"cameraMode":{"drawMode":0,"name":"Shaded","section":"Shading Mode"},"sceneLighting":false,"audioPlay":false,"sceneViewState":{"m_AlwaysRefresh":false,"showFog":true,"showSkybox":false,"showFlares":true,"showImageEffects":true,"showParticleSystems":true,"showVisualEffectGraphs":true,"m_FxEnabled":true},"in2DMode":false,"pivot":{"x":-0.09816563129425049,"y":-0.08718740940093994,"z":0.18215316534042359},"rotation":{"x":-0.11310713738203049,"y":0.866882860660553,"z":-0.22904130816459657,"w":-0.4280928671360016},"size":0.8660253882408142,"orthographic":false}